codgeo;libgeo;an;p_licsport014_f
200000172;CC Faucigny-Glières;2018;43,00
200000438;CC du Pays de Pontchâteau Saint-Gildas-des-Bois;2018;39,80
200000545;CC des Portes de Romilly-sur-Seine;2018;33,40
200000628;CC Rhône Lez Provence;2018;35,70
200000800;CC Cœur de Sologne;2018;36,50
200000925;CC de la Plaine Dijonnaise;2018;38,40
200000933;CC Sauldre et Sologne;2018;42,50
200004802;CC du Pays de Fayence;2018;37,30
200005932;CC des Portes de Sologne;2018;34,10
200005957;CC de la Région de Rambervillers;2018;48,00
200006682;CA Beaune, Côte et Sud - Communauté Beaune-Chagny-Nolay;2018;39,40
200006716;CC du Nogentais;2018;44,40
200006930;CC du Haut-Allier;2018;38,70
200006971;CC du Perche;2018;40,10
200007052;CC de la Marche Berrichonne;2018;39,90
200007177;CC Pays de Nérondes;2018;44,90
200010650;CA du Grand Dole;2018;40,50
200010700;CA Caux Seine Agglo;2018;40,20
200011773;CA Annemasse-les Voirons-Agglomération;2018;38,10
200011781;CC Portes du Berry entre Loire et Val d'Aubois;2018;43,60
200013050;CC Sauer-Pechelbronn;2018;41,00
200015162;CC de l'Oriente;2018;31,20
200016905;CC du Pays de Lamastre;2018;38,90
200017341;CC Lodévois et Larzac;2018;33,50
200017846;CA Étampois Sud-Essonne;2018;37,20
200018083;CC de Desvres-Samer;2018;36,20
200018166;CC Le Grésivaudan;2018;38,30
200018406;CC du Romorantinais et du Monestois;2018;43,00
200018521;CC du Val de Bouzanne;2018;38,40
200018653;CA Cap Excellence;2018;36,70
200022986;CC du Grand Pic Saint-Loup;2018;34,60
200023075;CC du Pays de Maîche;2018;47,80
200023125;CC Les Portes Briardes entre Villes et Forêts;2018;38,10
200023240;CC Pays de Nemours;2018;43,30
200023299;CC Cœur de Tarentaise;2018;39,00
200023307;CA du Grand Villeneuvois;2018;39,70
200023372;CC de la Vallée de Chamonix-Mont-Blanc;2018;41,50
200023414;Métropole Rouen Normandie;2018;39,80
200023620;CC de la Gascogne Toulousaine;2018;40,80
200023737;CA du Grand Cahors;2018;42,90
200023778;CC du Pays de Saint-Gilles-Croix-de-Vie;2018;39,50
200023794;CC de Blaye;2018;45,50
200023919;CC Gâtinais Val de Loing;2018;40,30
200026573;CC Haut-Jura Saint-Claude;2018;44,70
200027027;CC Arc Sud Bretagne;2018;45,30
200027076;CC Arnon Boischaut Cher;2018;45,40
200027100;CC Méditerranée Porte des Maures;2018;38,60
200027183;CU Perpignan Méditerranée Métropole;2018;37,80
200027217;CC Sarlat-Périgord Noir;2018;45,10
200027308;CC d'Auberive Vingeanne et Montsaugeonnais;2018;43,90
200027548;CC des Savanes;2018;39,60
200029734;CC des 4B Sud Charente;2018;42,00
200029999;CC Rives de l'Ain - Pays du Cerdon;2018;44,30
200030195;Métropole Nice Côte d'Azur;2018;36,90
200030385;CA de Blois Agglopolys;2018;39,60
200030435;CC d'Aire-sur-l'Adour;2018;47,40
200030526;CC du Ried de Marckolsheim;2018;45,20
200030633;CA du Caudrésis et du Catésis;2018;40,60
200030658;CC du Trièves;2018;39,10
200030674;CA Val de Garonne Agglomération;2018;42,00
200032514;CC Berry-Loire-Vauvise;2018;45,90
200033025;CA de Bar-le-Duc - Sud Meuse;2018;45,20
200033090;CC Plaines et Monts de France;2018;40,80
200033116;CC Cluses-Arve et Montagnes;2018;40,30
200033173;CC de la Haute Vallée de Chevreuse;2018;38,70
200033181;CA Chartres Métropole;2018;40,50
200033298;CC des Coëvrons;2018;38,40
200033579;CU d'Arras;2018;38,20
200033827;CC de Fium'orbu Castellu;2018;45,60
200033868;CC des Ballons des Hautes-Vosges;2018;40,10
200034023;CC Tarn-Agout;2018;42,50
200034031;CC des Monts d'Alban et du Villefranchois;2018;40,80
200034049;CC Centre Tarn;2018;38,40
200034056;CC du Lautrécois et du Pays d'Agout;2018;38,20
200034064;CC du Cordais et du Causse (4 C);2018;42,10
200034098;CC des Montagnes du Giffre;2018;43,70
200034130;CC Gally Mauldre;2018;39,40
200034197;CC de Montaigne Montravel et Gurson;2018;39,20
200034205;CC de la Costa Verde;2018;37,20
200034270;CC du Pays de Barr;2018;44,20
200034379;CC Pays d'Uzès;2018;39,90
200034411;CC du Piémont Cévenol;2018;39,10
200034601;CC Causses Aigoual Cévennes;2018;34,70
200034635;CC du Kochersberg;2018;41,50
200034692;CA du Gard Rhodanien;2018;40,00
200034700;CA Durance-Lubéron-Verdon Agglomération;2018;40,40
200034718;CC de Vitry, Champagne et Der;2018;38,50
200034726;CC Bastides de Lomagne;2018;40,60
200034825;CA du Grand Guéret;2018;39,70
200034833;CC des Bastides Dordogne-Périgord;2018;38,30
200034874;CC Côtes de Meuse Woëvre;2018;43,30
200034882;CC Pays du Mont-Blanc;2018;44,00
200034957;CC du Frontonnais;2018;34,30
200035087;CA Terre de Provence;2018;40,60
200035103;CC de la Vallée de la Haute-Sarthe;2018;41,60
200035111;CC des Sources de l'Orne;2018;37,40
200035129;CC de Cèze Cévennes;2018;43,40
200035137;CC Marche Occitane - Val d'Anglin;2018;46,00
200035202;CC Charlieu-Belmont;2018;39,90
200035319;CA Var Estérel Méditerranée (Cavem);2018;37,20
200035327;CC Cazals-Salviac;2018;28,70
200035442;CC du Sud-Artois;2018;41,80
200035459;CA d'Agen;2018;38,80
200035533;CC du Grand Saint-Émilionnais;2018;40,20
200035541;CC des Landes d'Armagnac;2018;42,30
200035632;CC Armagnac Adour;2018;39,60
200035707;CC Piège Lauragais Malepère;2018;37,70
200035715;CA Carcassonne Agglo;2018;40,60
200035723;CC Ventoux Sud;2018;44,90
200035731;CA Roannais Agglomération;2018;40,40
200035756;CC Astarac Arros en Gascogne;2018;37,90
200035764;CC de la Beauce Loirétaine;2018;40,90
200035772;CC du Pays du Saintois;2018;41,70
200035814;CA Flers Agglo;2018;42,30
200035848;CC du Châtillonnais en Berry;2018;36,00
200035855;CC Castelnaudary Lauragais Audois;2018;38,90
200035863;CC Région Lézignanaise, Corbières et Minervois;2018;41,60
200035970;CC Vexin Centre;2018;41,80
200036069;CC du Pays de Mortagne-au-Perche;2018;37,70
200036077;CC du Golfe de Saint-Tropez;2018;36,60
200036135;CC Cœur de France;2018;40,10
200036150;CC des Hauts du Val de Saône;2018;40,10
200036465;CC de Thann-Cernay;2018;44,20
200036473;CA de Saintes;2018;40,00
200036499;CC de Marana-Golo;2018;37,50
200036523;CC des Bastides en Haut-Agenais Périgord;2018;42,10
200036549;CC Val de Gray;2018;44,90
200036572;CC Porte d'Aquitaine en Pays de Serres;2018;40,50
200037059;CC de la Haute-Somme;2018;43,30
200037133;CC du Provinois;2018;43,30
200038958;CC de la Pieve de l'Ornano et du Taravo;2018;40,30
200038990;CC de Saint-Méen Montauban;2018;40,60
200039022;CA Vitré Communauté;2018;38,90
200039055;CC Ouche et Montagne;2018;43,30
200039063;CC Forêts, Seine et Suzon;2018;37,00
200039204;CC de Lacq-Orthez;2018;38,30
200039519;CC du Quercy Blanc;2018;43,80
200039642;CC Le Tonnerrois en Bourgogne;2018;41,70
200039709;CC du Serein;2018;44,10
200039758;CC Avallon, Vézelay, Morvan;2018;45,20
200039808;CC des Gorges de l'Ardèche;2018;34,30
200039824;CC Ardèche des Sources et Volcans;2018;36,70
200039832;CC Pays des Vans en Cévennes;2018;42,60
200039857;CA du Pays de Grasse;2018;39,80
200039865;Metz Métropole;2018;41,00
200039907;CC du Sud Messin;2018;41,90
200039915;CA Cannes Pays de Lérins;2018;34,90
200039931;CC Alpes d'Azur;2018;41,90
200039949;CC Rives de Moselle;2018;42,50
200040038;CC Saône Doubs Bresse;2018;33,10
200040095;CC Isle Vern Salembre en Périgord;2018;44,30
200040111;CC Cœur de Chartreuse;2018;48,80
200040137;CC des Lacs de Champagne;2018;50,60
200040178;CC de l'Outre-Forêt;2018;41,00
200040202;CC Provence Verdon;2018;37,00
200040210;CC Lacs et Gorges du Verdon;2018;34,60
200040244;CA du Bocage Bressuirais;2018;42,80
200040251;CC Bassée-Montois;2018;44,20
200040277;CA du Pays de Dreux;2018;39,70
200040293;CC du Clunisois;2018;39,80
200040350;CC Bugey Sud;2018;42,10
200040384;CC Isle Double Landais;2018;33,00
200040392;CA Le Grand Périgueux;2018;39,90
200040400;CC du Périgord Ribéracois;2018;39,00
200040418;CC du Pays de Serres en Quercy;2018;36,00
200040426;CC du Val de l'Oise;2018;40,00
200040442;CA Luberon Monts de Vaucluse;2018;37,90
200040459;CA Montélimar Agglomération;2018;38,10
200040475;CC Loué - Brûlon - Noyen;2018;36,60
200040491;CC Porte de Drômardèche;2018;40,30
200040509;CC du Crestois et de Pays de Saillans Cœur de Drôme;2018;35,00
200040558;CC Écueillé-Valençay;2018;34,50
200040566;CA de l'Ouest Rhodanien;2018;42,80
200040574;CC Beaujolais Pierres Dorées;2018;43,00
200040590;CA Villefranche Beaujolais Saône;2018;42,80
200040624;CC Pays d'Apt-Luberon;2018;36,30
200040657;CC de la Matheysine;2018;39,70
200040681;CC Enclave des Papes-Pays de Grignan;2018;36,60
200040715;Grenoble-Alpes-Métropole;2018;36,10
200040764;CC du Sud Corse;2018;40,40
200040772;CC du Perche et Haut Vendômois;2018;42,00
200040798;CC Val Vanoise;2018;41,10
200040814;CC Briance Sud Haute Vienne;2018;44,20
200040830;CC du Pays de Fénelon;2018;41,90
200040889;CC de Portes Sud Périgord;2018;36,40
200040905;CC Carmausin-Ségala;2018;40,70
200040947;CC de Flandre Intérieure;2018;39,80
200040954;CC des Hauts de Flandre;2018;37,90
200041010;CC Cœur de Savoie;2018;42,20
200041051;CC Vallée de la Dordogne et Forêt Bessède;2018;40,50
200041150;CC du Terrassonnais en Périgord Noir Thenon Hautefort;2018;41,40
200041168;CC de la Vallée de l'Homme;2018;38,50
200041283;CC de la Plaine du Rhin;2018;41,60
200041317;CA du Niortais;2018;41,10
200041325;CC du Pays Rhénan;2018;44,70
200041333;CC de Parthenay-Gâtine;2018;41,60
200041366;CC Rhône Crussol;2018;35,20
200041416;CC Airvaudais-Val du Thouet;2018;42,10
200041440;CC de Domme-Villefranche du Périgord;2018;39,60
200041465;CC Val Eyrieux;2018;36,80
200041499;CC Aunis Atlantique;2018;40,10
200041507;CA La Riviera du Levant;2018;37,50
200041515;CC du Bassin de Pont-à-Mousson;2018;44,20
200041523;CC de la Haute-Saintonge;2018;42,40
200041556;CC Portes de la Creuse en Marche;2018;42,70
200041572;CC Dronne et Belle;2018;41,50
200041614;CC Aunis Sud;2018;37,30
200041622;CC Ardennes Thiérache;2018;41,80
200041630;CA Ardenne Métropole;2018;43,70
200041689;CC des Vals de Saintonge Communauté;2018;40,80
200041721;CC de la Haute Comté;2018;39,30
200041762;CA Rochefort Océan;2018;39,10
200041788;CA du Pays Nord Martinique;2018;35,30
200041853;CC du Pays de Montbozon et du Chanois;2018;41,70
200041861;CC du Triangle Vert;2018;41,20
200041879;CC Terres de Saône;2018;41,90
200041887;CC du Val Marnaysien;2018;42,00
200041960;CC Pévèle-Carembault;2018;37,20
200041994;CC Haut Val de Sèvre;2018;44,40
200042000;CC Bruyères-Vallons des Vosges;2018;42,60
200042174;CA Lorient Agglomération;2018;41,20
200042182;CC du Mont des Avaloirs;2018;41,60
200042190;CA de la Porte du Hainaut;2018;35,20
200042372;CC des Coteaux Arrats Gimone;2018;35,80
200042414;CC Bresse Revermont 71;2018;40,60
200042463;CC de la Montagne Noire;2018;42,20
200042497;CC Dombes Saône Vallée;2018;41,40
200042604;CC de Granville, Terre et Mer;2018;43,80
200042620;CC de la Région de Suippes;2018;38,90
200042646;CC Grand Orb;2018;35,40
200042653;CC Sud-Hérault;2018;39,60
200042703;CC de l'Argonne Champenoise;2018;48,50
200042729;CC de la Baie du Cotentin;2018;45,10
200042901;CC Drôme Sud Provence;2018;42,80
200042935;CA Haut - Bugey Agglomération;2018;40,20
200042943;CC du Cap Corse;2018;39,90
200042992;CC Perthois-Bocage et Der;2018;37,90
200043016;CC Val de Charente;2018;38,60
200043065;CC du Val d'Amboise;2018;40,40
200043081;CC Chinon, Vienne et Loire;2018;41,40
200043123;CC Auray Quiberon Terre Atlantique;2018;40,70
200043156;CC du Pays Rethélois;2018;42,60
200043172;CA du Bassin de Brive;2018;39,60
200043263;CC Cœur de l'Avesnois;2018;40,70
200043321;CC du Pays de Mormal;2018;37,00
200043354;CC de Villedieu Intercom;2018;36,60
200043396;CA Maubeuge Val de Sambre;2018;38,50
200043404;CC du Sud Avesnois;2018;43,10
200043438;CC de la Moivre à la Coole;2018;41,90
200043495;CA du Pays de Laon;2018;39,80
200043602;CC des Albères, de la Côte Vermeille et de l'Illibéris;2018;36,00
200043628;CC des Vallées du Clain;2018;39,40
200043693;CC Terre Lorraine du Longuyonnais;2018;40,50
200043776;CC Pyrénées Audoises;2018;41,90
200043974;CC du Sud Gironde;2018;41,00
200043982;CC du Bazadais;2018;42,70
200043990;CC Vallons de Haute-Bretagne Communauté;2018;39,60
200044014;CC Creuse Grand Sud;2018;37,20
200044030;CC des Sept Vallées;2018;35,30
200044048;CC Osartis Marquion;2018;39,50
200044253;CC du Bassin de Joinville en Champagne;2018;44,30
200044394;CC du Réolais en Sud Gironde;2018;37,10
200044469;CC du Pays de Mirepoix;2018;37,90
200044618;CA Douaisis Agglo;2018;38,50
200044691;CA du Nord Grande Terre;2018;37,50
200046977;Métropole de Lyon;2018;39,30
200048551;CC du Pays de Craon;2018;41,00
200049187;CA du Grand Verdun;2018;45,00
200049211;CC Conflent-Canigó;2018;43,90
200049484;CC Berry Grand Sud;2018;42,80
200050532;CC de Petite-Terre;2018;44,20
200054781;Métropole du Grand Paris;2018;37,60
200054807;Métropole d'Aix-Marseille-Provence;2018;39,10
200055481;CC Beauce Val de Loire;2018;38,70
200055655;CA Roissy Pays de France;2018;39,30
200055887;CC Mayenne Communauté;2018;41,20
200056232;CA Communauté Paris-Saclay;2018;40,10
200056380;CA Plaine Vallée;2018;36,00
200057859;CA Cœur d'Essonne Agglomération;2018;42,00
200057958;CA Paris - Vallée de la Marne;2018;38,80
200058360;CC Entre Beauce et Perche;2018;42,00
200058477;CA Val d'Yerres Val de Seine;2018;43,40
200058485;CA Val Parisis;2018;40,20
200058519;CA Saint-Germain Boucles de Seine;2018;37,80
200058782;CA de Saint-Quentin-en-Yvelines;2018;40,50
200059228;CA Grand Paris Sud Seine Essonne Sénart;2018;40,70
200059392;CC Bièvre Isère;2018;37,40
200059400;CC Porte Océane du Limousin;2018;43,00
200059871;CC du Centre-Ouest;2018;34,10
200059889;CU Grand Paris Seine et Oise;2018;38,20
200060010;CA Mauges Communauté;2018;37,80
200060457;CA Dembeni-Mamoudzou;2018;42,80
200060465;CA du Grand Nord de Mayotte;2018;15,70
200060473;CC du Sud;2018;37,10
200065563;CC Normandie-Cabourg-Pays d'Auge;2018;37,90
200065589;CC Val ès Dunes;2018;43,30
200065597;CU Caen la Mer;2018;36,80
200065647;CA Pays de Montbéliard Agglomération;2018;41,00
200065787;CC de Pont-Audemer / Val de Risle;2018;45,30
200065886;CA Loire Forez Agglomération;2018;39,80
200065894;CC de Forez-Est;2018;41,90
200065928;CA Lannion-Trégor Communauté;2018;38,80
200066009;CA Mulhouse Alsace Agglomération;2018;41,40
200066017;CC Lieuvin Pays d'Auge;2018;41,50
200066025;CC Pays Rhin - Brisach;2018;45,20
200066033;CC Sud Alsace Largue;2018;41,30
200066041;CC Sundgau;2018;40,20
200066058;CA Saint-Louis Agglomération;2018;41,70
200066108;CC des Portes de Meuse;2018;44,10
200066116;CC Argonne-Meuse;2018;43,40
200066124;CA Gaillac-Graulhet;2018;40,90
200066132;CC du Pays de Stenay et du Val Dunois;2018;45,20
200066140;CC de l'Aire à l'Argonne;2018;44,60
200066157;CC de Commercy - Void - Vaucouleurs;2018;42,20
200066165;CC Val de Meuse - Voie Sacrée;2018;44,30
200066173;CC de Damvillers Spincourt;2018;44,20
200066223;CC Arize Lèze;2018;45,70
200066231;CC des Portes d'Ariège Pyrénées;2018;41,60
200066280;CC du Pithiverais;2018;40,70
200066322;CC Terres des Confluences;2018;40,00
200066330;CC Terres du Haut Berry;2018;41,70
200066348;CC du Minervois au Caroux;2018;40,20
200066355;CA Sète Agglopôle Méditerranée;2018;35,20
200066363;CC de la Haute Ariège;2018;45,30
200066371;CC Causses et Vallée de la Dordogne;2018;40,20
200066389;CA Saint-Lô Agglo;2018;42,80
200066405;CC Roumois Seine;2018;41,70
200066413;CC Intercom Bernay Terres de Normandie;2018;40,70
200066462;CC Interco Normandie Sud Eure;2018;41,40
200066512;CC Élan Limousin Avenir Nature;2018;43,40
200066520;CC Ouest Limousin;2018;47,20
200066553;CC des Monts de Lacaune et de la Montagne du Haut Languedoc;2018;42,40
200066561;CC Sidobre Vals et Plateaux;2018;35,30
200066587;CC des Monts du Lyonnais;2018;41,00
200066603;CC du Pays de Lubersac-Pompadour;2018;45,90
200066637;CC Hautes Terres Communauté;2018;40,20
200066645;CC Vézère-Monédières-Millesources;2018;43,30
200066652;CC Grand Sud Tarn et Garonne;2018;37,70
200066660;CC Saint-Flour Communauté;2018;44,00
200066678;CC de la Châtaigneraie Cantalienne;2018;42,00
200066710;CC Cingal-Suisse Normande;2018;36,90
200066728;CC Vallées de l'Orne et de l'Odon;2018;35,00
200066744;CC Haute-Corrèze Communauté;2018;42,60
200066751;CC Xaintrie Val'Dordogne;2018;49,70
200066769;CC Midi Corrézien;2018;44,60
200066777;CC Ploërmel Communauté;2018;38,30
200066785;CC de l'Oust à Brocéliande;2018;42,30
200066793;CA du Grand Annecy;2018;39,50
200066801;CC Isigny-Omaha Intercom;2018;35,20
200066819;CC du Volvestre;2018;39,00
200066827;CC du Pays de Honfleur-Beuzeville;2018;40,30
200066835;CC de Sézanne-Sud Ouest Marnais;2018;40,40
200066850;CC des Paysages de la Champagne;2018;40,70
200066868;CC Presqu'île de Crozon-Aulne maritime;2018;35,60
200066876;CA de Châlons-en-Champagne;2018;41,40
200066884;CC Quercy Vert-Aveyron;2018;41,90
200066892;CC de Vendeuvre-Soulaines;2018;40,10
200066918;CA Alès Agglomération;2018;42,40
200066926;CA Grand Auch Cœur de Gascogne;2018;35,70
200066975;CC Senlis Sud Oise;2018;40,30
200067023;CC Coutances Mer et Bocage;2018;40,40
200067031;CC Côte Ouest Centre Manche;2018;40,10
200067049;CC Spelunca-Liamone;2018;39,30
200067064;CC Decazeville Communauté;2018;39,20
200067072;CC Haut-Léon Communauté;2018;40,00
200067080;CC Chablis Villages et Terroirs;2018;45,70
200067106;CA du Pays Basque;2018;35,50
200067114;CA de l'Auxerrois;2018;40,70
200067122;CC Coteaux et Plaines du Pays Lafrançaisain;2018;46,10
200067130;CC de Puisaye-Forterre;2018;44,30
200067155;CC Saint Affricain, Roquefort, Sept Vallons;2018;44,50
200067163;CC Monts, Rance et Rougier;2018;38,50
200067171;CC Aubrac, Carladez et Viadène;2018;41,70
200067189;CC Creuse Sud Ouest;2018;46,20
200067197;CC Monts d'Arrée Communauté;2018;43,60
200067205;CA du Cotentin;2018;41,20
200067213;CU du Grand Reims;2018;39,40
200067221;CC Centre Morbihan Communauté;2018;38,20
200067239;CC des Luys en Béarn;2018;43,70
200067247;CC Pleyben-Châteaulin-Porzay;2018;39,30
200067254;CA Pau Béarn Pyrénées;2018;41,50
200067262;CC du Haut-Béarn;2018;38,90
200067288;CC du Béarn des Gaves;2018;39,20
200067296;CC du Nord Est Béarn;2018;41,80
200067304;CC Serein et Armance;2018;41,30
200067320;CC Serre-Ponçon Val d'Avance;2018;44,70
200067346;CA Pornic Agglo Pays de Retz;2018;42,00
200067361;CC Grand-Figeac;2018;41,40
200067379;CC Côtes de Champagne et Val de Saulx;2018;39,20
200067429;CC Haut Nivernais-Val d'Yonne;2018;44,20
200067437;CA Provence-Alpes-Agglomération;2018;43,80
200067445;CC Buëch-Dévoluy;2018;38,90
200067452;CC du Guillestrois et du Queyras;2018;47,30
200067460;CC Loudéac Communauté - Bretagne Centre;2018;38,90
200067478;CC Comtal Lot et Truyère;2018;40,20
200067486;CC Bouzonvillois-Trois Frontières;2018;39,70
200067502;CA Saint-Avold Synergie;2018;43,20
200067544;CC Creuse Confluence;2018;45,00
200067551;CA Thonon Agglomération;2018;36,30
200067593;CC Marche et Combraille en Aquitaine;2018;40,10
200067627;CC Billom Communauté;2018;39,20
200067635;CA Clisson Sèvre et Maine Agglo;2018;38,00
200067643;CC Meurthe, Mortagne, Moselle;2018;44,50
200067650;CC Houve-Pays Boulageois;2018;44,80
200067668;CC de la Cléry, du Betz et de l'Ouanne;2018;39,00
200067676;CC Canaux et Forêts en Gâtinais;2018;35,10
200067684;CA Épernay, Coteaux et Plaine de Champagne;2018;42,50
200067692;CC Tannay-Brinon-Corbigny;2018;42,20
200067700;CC Sud Nivernais;2018;44,00
200067742;CC Serre-Ponçon;2018;43,00
200067759;CC Vallées et Plateau d'Ardenne;2018;41,30
200067767;CC du Royans-Vercors;2018;38,80
200067783;CC de Hanau-La Petite Pierre;2018;42,10
200067791;CA Pays Foix-Varilhes;2018;41,80
200067817;CC Saône-Beaujolais;2018;39,70
200067825;CA Gap-Tallard-Durance;2018;42,90
200067841;CC de l'Alsace Bossue;2018;38,40
200067866;CC Sèvre et Loire;2018;41,00
200067874;CA de Haguenau;2018;44,70
200067882;CC Bazois Loire Morvan;2018;40,80
200067890;CC Morvan Sommets et Grands Lacs;2018;48,90
200067908;CC Amognes Cœur du Nivernais;2018;42,10
200067916;CC Cœur de Loire;2018;41,60
200067924;CC du Canton d'Erstein;2018;43,80
200067932;CA Golfe du Morbihan - Vannes Agglomération;2018;37,30
200067940;CC Couserans-Pyrénées;2018;41,10
200067957;CC Haut Chemin-Pays de Pange;2018;42,30
200067965;CA de la Région de Compiègne et de la Basse Automne;2018;36,10
200067973;CC Thelloise;2018;40,80
200067981;CA Guingamp-Paimpol Agglomération de l'Armor à l'Argoat;2018;35,10
200067999;CA du Beauvaisis;2018;40,50
200068005;CC de l'Oise Picarde;2018;44,20
200068047;CA Creil Sud Oise;2018;40,60
200068070;CC Loue-Lison;2018;43,40
200068088;CC Les Bertranges;2018;37,90
200068096;CC Champsaur-Valgaudemar;2018;35,90
200068104;CA de la Provence Verte;2018;38,40
200068112;CC du Pays de Saverne;2018;44,70
200068120;CA Quimper Bretagne Occidentale;2018;34,50
200068146;CC Sarrebourg Moselle Sud;2018;41,40
200068229;CC des Baronnies en Drôme Provençale;2018;41,40
200068278;CC Berry Loire Puisaye;2018;40,10
200068294;CC des Deux Vallées Vertes;2018;37,40
200068369;CC de Mirecourt Dompaire;2018;46,60
200068377;CC de la Porte des Vosges Méridionales;2018;38,30
200068435;CC Cœur du Perche;2018;40,30
200068443;CC Andaine - Passais;2018;34,40
200068450;CC Argentan Intercom;2018;44,90
200068468;CC des Pays de L'Aigle;2018;42,40
200068484;CC des Causses à l'Aubrac;2018;40,30
200068500;CA de Cambrai;2018;39,80
200068534;CC Terroir de Caux;2018;39,10
200068542;CC Les Balcons du Dauphiné;2018;35,90
200068559;CC de l'Ouest Vosgien;2018;44,40
200068567;CC Les Vals du Dauphiné;2018;41,70
200068625;CC Alpes-Provence-Verdon - Sources de Lumière;2018;39,30
200068641;CA Le Muretain Agglo;2018;37,10
200068658;CA de Chaumont;2018;43,80
200068666;CA de Saint-Dizier Der et Blaise;2018;41,90
200068674;CA Grand Lac;2018;40,20
200068682;CC Terre d'Eau;2018;44,50
200068757;CA d'Épinal;2018;46,00
200068765;CC du Sisteronais-Buëch;2018;42,00
200068773;CC des Vosges côté Sud Ouest;2018;42,50
200068781;CA Valence Romans Agglo;2018;36,10
200068799;CC Intercom de la Vire au Noireau;2018;43,10
200068807;CC du Bassin Auterivain Haut-Garonnais;2018;36,40
200068815;CC Cœur de Garonne;2018;36,60
200068831;CC Pays Ségali Communauté;2018;39,90
200068856;CC des Hauts du Perche;2018;37,20
200068864;CC de la Mossig et du Vignoble;2018;42,60
200068872;CC Éguzon - Argenton - Vallée de la Creuse;2018;43,30
200068880;CC Champagne Boischauts;2018;33,10
200068914;CC La Rochefoucauld - Porte du Périgord;2018;46,70
200068922;CC du Confluent et des Coteaux de Prayssas;2018;44,30
200068930;CC Fumel Vallée du Lot;2018;37,90
200068948;CC Albret Communauté;2018;37,90
200068955;CC Anjou Loir et Sarthe;2018;34,40
200068963;CC Maine Cœur de Sarthe;2018;34,60
200068989;CA Dinan Agglomération;2018;39,70
200068997;CA Arlysère;2018;38,10
200069003;CC du Barséquanais en Champagne;2018;33,70
200069029;CA des Deux Baies en Montreuillois;2018;42,50
200069037;CA du Pays de Saint-Omer;2018;38,00
200069052;CA Grand Belfort;2018;42,70
200069060;CC des Vosges du Sud;2018;44,30
200069086;CC Leff Armor Communauté;2018;39,80
200069094;CC Isle et Crempse-en-Périgord;2018;39,10
200069102;CC Randon - Margeride;2018;43,80
200069110;CA du Grand Chambéry;2018;44,80
200069128;CC Mont Lozère;2018;38,90
200069136;CC des Cévennes au Mont Lozère;2018;45,70
200069144;CC des Hautes Terres de l'Aubrac;2018;38,40
200069151;CC Gorges Causses Cévennes;2018;40,50
200069169;CC Dômes Sancy Artense;2018;39,50
200069177;CC Mond'Arverne Communauté;2018;42,40
200069185;CC des Terres d'Apcher-Margeride-Aubrac;2018;42,00
200069193;CC de la Dombes;2018;39,10
200069227;CC Pays Fort Sancerrois Val de Loire;2018;42,30
200069235;CC du Haut Pays du Montreuillois;2018;41,80
200069250;CA Troyes Champagne Métropole;2018;40,90
200069268;CC Aubrac Lot Causses Tarn;2018;37,90
200069300;CA Tarbes-Lourdes-Pyrénées;2018;39,50
200069383;CC Ouest Aveyron Communauté;2018;42,50
200069391;CA de Lamballe Terre et Mer;2018;33,20
200069409;CA Saint-Brieuc Armor Agglomération;2018;42,70
200069417;CC Pays d'Orthe et Arrigans;2018;40,00
200069425;CA Mont-Saint-Michel-Normandie;2018;42,00
200069433;CC de Vezouze en Piémont;2018;42,10
200069441;CC du Pays de Bitche;2018;43,90
200069458;CC des Vallées d'Auge et du Merlerault;2018;38,00
200069482;CC des Campagnes de l'Artois;2018;37,10
200069516;CC Seulles Terre et Mer;2018;40,00
200069524;CC Pré-Bocage Intercom;2018;36,70
200069532;CA Lisieux Normandie;2018;42,70
200069540;CC Norge et Tille;2018;36,90
200069565;CC des Lacs et Montagnes du Haut-Doubs;2018;40,80
200069581;CC Convergence Garonne;2018;37,80
200069599;CC Rurales de l'Entre-deux-Mers;2018;37,40
200069615;CC Bresse Haute Seille;2018;42,40
200069623;CC Champagnole Nozeroy Jura;2018;45,60
200069631;CC Terres de Chalosse;2018;44,30
200069649;CC Chalosse Tursan;2018;45,90
200069656;CC Cœur Haute Lande;2018;37,60
200069664;CC Meuse Rognon;2018;39,90
200069672;CC du Ternois;2018;36,70
200069698;CC Mâconnais - Tournugeois;2018;38,40
200069722;CC Interrégionale Aumale - Blangy-sur-Bresle;2018;36,70
200069730;CC des Quatre Rivières;2018;41,10
200069748;CC Val de Gâtine;2018;43,80
200069755;CC Mellois-en-Poitou;2018;44,40
200069763;CC du Haut-Poitou;2018;41,00
200069821;CA Fécamp Caux Littoral Agglomération;2018;41,80
200069839;CC de la Côte d'Albâtre;2018;38,30
200069847;CC Plateau de Caux-Doudeville-Yerville;2018;39,10
200069854;CU du Grand Poitiers;2018;40,90
200069912;CC des Forêts du Perche;2018;40,80
200069953;CC des Portes Euréliennes d'Île-de-France;2018;41,10
200069961;CC du Grand Châteaudun;2018;44,60
200069995;CC Médoc Cœur de Presqu'île;2018;38,80
200070035;CC du Civraisien en Poitou;2018;46,20
200070043;CC Vienne et Gartempe;2018;40,30
200070068;CC Communauté Bray-Eawy;2018;42,40
200070092;CA du Libournais;2018;38,50
200070100;CC du Val de Sully;2018;37,70
200070118;CC Val de Saône Centre;2018;40,20
200070126;CC Seine et Aube;2018;42,40
200070142;CC Lyons Andelle;2018;43,80
200070159;CC Cœur de Beauce;2018;43,90
200070167;CC Terres de Perche;2018;39,40
200070183;CC des Terres du Val de Loire;2018;42,10
200070233;CC Terres-de-Montaigu, communauté de communes Montaigu-Rocheservière;2018;33,70
200070282;CC Lavalette Tude Dronne;2018;39,60
200070290;CC Coeur du Pays Haut;2018;43,80
200070308;CA Mâconnais Beaujolais Agglomération;2018;37,80
200070316;CC Entre Arroux, Loire et Somme;2018;39,00
200070324;CC du Territoire de Lunéville à Baccarat;2018;43,20
200070332;CC des Savoir-Faire;2018;41,50
200070340;CC Haute-Maurienne Vanoise;2018;37,60
200070365;CC Corbières Salanque Méditerranée;2018;40,60
200070373;CC Loir-Lucé-Bercé;2018;39,80
200070407;CA Pays d'Issoire;2018;39,50
200070431;CC Saint-Marcellin Vercors Isère Communauté;2018;41,80
200070449;CC Inter-Caux-Vexin;2018;40,60
200070464;CC Cœur de Maurienne Arvan;2018;43,40
200070506;CC Pays de Nexon Monts de Chalus;2018;43,30
200070514;CA du Grand Cognac;2018;41,80
200070530;CC du Grand Autunois Morvan;2018;43,40
200070548;CC La Clayette Chauffailles en Brionnais;2018;37,20
200070555;CC de la Veyle;2018;42,40
200070563;CC Terres Touloises;2018;40,20
200070571;CC Cœur de Berry;2018;39,20
200070589;CC de Seille et Grand Couronné;2018;41,60
200070647;CA Bergeracoise;2018;41,10
200070662;CC Bretagne porte de Loire Communauté;2018;39,00
200070670;CC du Pays de Dol et de la Baie du Mont Saint-Michel;2018;35,50
200070688;CC Couesnon Marches de Bretagne;2018;37,80
200070712;CC Thiers Dore et Montagne;2018;43,30
200070720;CC Médoc Atlantique;2018;43,10
200070738;CC Mad et Moselle;2018;41,20
200070746;CA Sarreguemines Confluences;2018;42,00
200070753;CA Riom Limagne et Volcans;2018;41,80
200070761;CC Ambert Livradois Forez;2018;40,30
200070779;CC Brie des Rivières et Châteaux;2018;41,70
200070787;CC du Plateau de Lannemezan;2018;40,30
200070795;CC du Pays de Trie et du Magnoac;2018;37,40
200070803;CC des Coteaux du Val-d'Arros;2018;40,80
200070811;CC Pyrénées Vallées des Gaves;2018;40,90
200070829;CC Neste Barousse;2018;37,30
200070845;CC Orne Lorraine Confluences;2018;41,80
200070852;CC Usses et Rhône;2018;40,90
200070894;CC de Gevrey-Chambertin et de Nuits-Saint-Georges;2018;45,40
200070902;CC Auxonne Pontailler Val de Saône;2018;40,50
200070910;CC Tille et Venelle;2018;41,70
200070928;CC Terre de Picardie;2018;42,50
200070936;CC Ponthieu-Marquenterre;2018;40,30
200070944;CC du Vimeu;2018;44,00
200070951;CC du Territoire Nord Picardie;2018;42,00
200070969;CC Avre Luce Noye;2018;43,40
200070977;CC du Grand Roye;2018;43,40
200070985;CC de l'Est de la Somme;2018;47,70
200070993;CA de la Baie de Somme;2018;42,00
200071017;CC des Terres d'Auxois;2018;48,00
200071025;CC Haute-Provence-Pays de Banon;2018;31,50
200071033;CC Jabron-Lure-Vançon-Durance;2018;37,40
200071041;CC du Chaourçois et du Val d'Armance;2018;46,40
200071058;CC Les Avant-Monts;2018;34,10
200071066;CA de Saint-Dié-des-Vosges;2018;43,40
200071074;CC Les Portes de l'Ile de France;2018;40,60
200071082;CA Montluçon Communauté;2018;43,20
200071116;CA ECLA  (Espace Communautaire Lons Agglomération);2018;45,30
200071140;CA Moulins Communauté;2018;41,20
200071157;CC des Hautes-Vosges;2018;41,60
200071165;CA Les Sables d'Olonne Agglomération;2018;40,20
200071173;CC du Pays Arnay Liernais;2018;42,80
200071181;CC Somme Sud-Ouest;2018;43,70
200071199;CC Plaine Limagne;2018;46,90
200071207;CC de Pouilly-en-Auxois/Bligny-sur-Ouche;2018;38,90
200071215;CC Chavanon Combrailles et Volcans;2018;43,90
200071223;CC Nièvre et Somme;2018;36,10
200071298;CC des Terres du Lauragais;2018;37,60
200071314;CC des Hauts Tolosans;2018;35,40
200071363;CA Vichy Communauté;2018;40,10
200071371;CC Bresse et Saône;2018;37,70
200071389;CC Saint-Pourçain Sioule Limagne;2018;43,30
200071405;CC Ardèche Rhône Coiron;2018;40,00
200071413;CA Privas Centre Ardèche;2018;44,70
200071454;CA Evreux Portes de Normandie;2018;39,30
200071470;CC Entr'Allier Besbre et Loire;2018;43,80
200071496;CC du Bocage Bourbonnais;2018;41,50
200071504;CC des Collines du Perche Normand;2018;39,70
200071512;CC Commentry Montmarault Néris Communauté;2018;43,10
200071520;CC Domfront Tinchebray Interco;2018;37,20
200071538;CC Terres de Bresse;2018;37,60
200071546;CC Sud Retz Atlantique;2018;38,90
200071553;CC Loire Layon Aubance;2018;41,00
200071579;CC Bresse Louhannaise Intercom';2018;35,80
200071587;CC Loches Sud Touraine;2018;39,60
200071595;CC Arbois, Poligny, Salins, Cœur du Jura;2018;41,60
200071629;CC Challans-Gois Communauté;2018;40,60
200071645;CC Saint Cyr Mère Boitier entre Charolais et Mâconnais;2018;42,90
200071652;CC du Pays Fertois et du Bocage Carrougien;2018;42,10
200071678;CA du Choletais;2018;38,30
200071751;CA du Bassin de Bourg-en-Bresse;2018;40,80
200071769;CC Picardie des Châteaux;2018;36,80
200071777;CC d'Arcis, Mailly, Ramerupt;2018;38,10
200071785;CA Chauny-Tergnier-La Fère;2018;46,30
200071819;CC du Périgord Nontronnais;2018;38,20
200071827;CA du Grand Angoulême;2018;39,40
200071843;CC du Vexin Normand;2018;41,40
200071850;CC du Pithiverais-Gâtinais;2018;42,60
200071868;CC des Vallées du Haut-Anjou;2018;39,40
200071876;CA Saumur Val de Loire;2018;36,00
200071884;CC Le Grand Charolais;2018;40,70
200071892;CA du Saint-Quentinois;2018;35,10
200071900;CC Vendée Grand Littoral;2018;37,40
200071918;CC du Pays de Saint-Fulgent - Les Essarts;2018;37,20
200071926;CC du Limouxin;2018;41,30
200071934;CC Pays de Fontenay-Vendée;2018;43,50
200071942;CC Haut Limousin en Marche;2018;41,70
200071967;CC Pays d'Évian Vallée d'Abondance;2018;40,10
200071983;CC Thiérache Sambre et Oise;2018;39,30
200071991;CC Retz-en-Valois;2018;40,80
200072007;CC de la Montagne d'Ardèche;2018;52,60
200072015;CA Annonay Rhône Agglo;2018;41,80
200072023;CC Cœur de Charente;2018;40,60
200072031;CA de la Région de Château-Thierry;2018;39,60
200072049;CC de Charente Limousine;2018;44,60
200072056;CC Porte du Jura;2018;47,70
200072064;CC Val-de-Cher-Controis;2018;41,40
200072072;CA Territoires Vendômois;2018;42,60
200072080;CC du Pays de Saint-Éloy;2018;34,80
200072098;CC Combrailles Sioule et Morge;2018;42,00
200072106;CC Adour Madiran;2018;36,50
200072130;CA du Pays de Meaux;2018;37,90
200072304;CC Vallée de l'Ubaye - Serre-Ponçon;2018;40,80
200072312;CA Seine Normandie Agglomération;2018;43,20
200072320;CC Val de Gers;2018;38,50
200072346;CA du Pays de Fontainebleau;2018;42,70
200072452;CA Fougères Agglomération;2018;38,30
200072460;CA de Béthune-Bruay, Artois-Lys Romane;2018;39,20
200072478;CC Pays d'Opale;2018;39,70
200072544;CC des Deux Morin;2018;42,80
200072635;CC Pyrénées Haut Garonnaises;2018;41,70
200072643;CC Cœur et Coteaux du Comminges;2018;44,10
200072650;CC Touraine Vallée de l'Indre;2018;41,60
200072668;CC Touraine Val de Vienne;2018;34,40
200072676;CC Maine Saosnois;2018;34,70
200072684;CC Le Gesnois Bilurien;2018;37,10
200072692;CC des Vallées de la Braye et de l'Anille;2018;39,80
200072700;CC Haute Sarthe Alpes Mancelles;2018;37,10
200072718;CC de la Champagne Conlinoise et du Pays de Sillé;2018;38,20
200072726;CC Châteaubriant-Derval;2018;38,00
200072734;CC Estuaire et Sillon;2018;40,80
200072825;CC Mirebellois et Fontenois;2018;45,00
200072874;CC Val Briard;2018;39,90
200072882;CC de Vie et Boulogne;2018;37,90
200072981;CC Touraine Ouest Val de Loire;2018;42,40
200072999;CC du Grand Langres;2018;38,60
200073013;CC Carnelle Pays-De-France;2018;37,50
200073096;CA Arche Agglo;2018;37,60
200073104;CC de l'Île-Rousse - Balagne;2018;42,80
200073112;CC Sud Sarthe;2018;34,40
200073120;CC Nebbiu - Conca d'Oro;2018;37,20
200073138;CC Pasquale Paoli;2018;42,90
200073146;CC Cagire Garonne Salat;2018;38,90
200073161;CC Touraine-Est Vallées;2018;40,70
200073237;CC de Gâtine et Choisilles - Pays de Racan;2018;39,40
200073245;CC du Bassin d'Aubenas;2018;36,30
200073252;CC de la Castagniccia-Casinca;2018;36,70
200073260;CC Sud Vendée Littoral;2018;38,10
200073344;CA Rambouillet Territoires;2018;43,60
200073393;CC des Rives du Haut-Allier;2018;41,50
200073401;CC Mézenc-Loire-Meygal;2018;39,20
200073419;CA du Puy-en-Velay;2018;39,40
200073427;CC Marches du Velay-Rochebaron;2018;42,60
200077014;CA Vienne Condrieu;2018;40,60
200083392;CA Laval Agglomération;2018;39,70
200084952;CU Le Havre Seine Métropole;2018;39,30
200085728;CC Brioude Sud Auvergne;2018;39,80
200085751;CC d'Entre Bièvre et Rhône;2018;35,60
200089456;CA Seine-Eure;2018;40,40
200090504;CA Coulommiers Pays de Brie;2018;40,20
200090561;CC Vierzon-Sologne-Berry;2018;40,10
200090579;CC Terre d'Émeraude Communauté;2018;43,00
200090751;CA Grand Calais Terres et Mers;2018;39,00
200093201;Métropole Européenne de Lille;2018;38,40
240100610;CC de la Côtière à Montluel;2018;34,30
240100750;CA du Pays de Gex;2018;40,90
240100800;CC de Miribel et du Plateau;2018;38,10
240100883;CC de la Plaine de l'Ain;2018;38,00
240100891;CC du Pays Bellegardien (CCPB);2018;39,50
240200444;CC de la Thiérache du Centre;2018;41,60
240200469;CC du Pays de la Serre;2018;34,70
240200477;CA GrandSoissons Agglomération;2018;39,90
240200493;CC du Pays du Vermandois;2018;35,30
240200501;CC du Val de l'Aisne;2018;38,20
240200519;CC du Canton d'Oulchy-le-Château;2018;37,50
240200576;CC de la Champagne Picarde;2018;42,60
240200584;CC du Canton de Charly-sur-Marne;2018;39,30
240200592;CC du Chemin des Dames;2018;45,50
240200600;CC des Trois Rivières;2018;41,90
240200634;CC des Portes de la Thiérache;2018;39,80
240300491;CC du Pays de Lapalisse;2018;41,20
240300558;CC du Pays de Tronçais;2018;45,30
240300566;CC du Val de Cher;2018;39,90
240300657;CC du Pays d'Huriel;2018;42,30
240400440;CC Pays Forcalquier et Montagne de Lure;2018;35,90
240500439;CC du Briançonnais;2018;46,30
240500462;CC du Pays des Ecrins;2018;42,40
240600551;CA de la Riviera Française;2018;36,50
240600585;CA de Sophia Antipolis;2018;38,00
240600593;CC du Pays des Paillons;2018;42,70
240700302;CC du Pays Beaume-Drobie;2018;38,10
240700617;CC Val de Ligne;2018;33,20
240700716;CC du Val d'Ay;2018;39,30
240700815;CC Berg et Coiron;2018;38,00
240700864;CC du Rhône aux Gorges de l'Ardèche;2018;42,20
240800821;CC Ardenne, Rives de Meuse;2018;36,70
240800847;CC des Portes du Luxembourg;2018;44,30
240800862;CC des Crêtes Préardennaises;2018;40,60
240800920;CC de l'Argonne Ardennaise;2018;44,20
240900431;CC du Pays de Tarascon;2018;42,80
240900464;CC du Pays d'Olmes;2018;37,90
241000223;CC Forêts, Lacs, Terres en Champagne;2018;41,30
241000405;CC de la Région de Bar-sur-Aube;2018;41,30
241000447;CC du Pays d'Othe;2018;40,80
241000488;CC de l'Orvin et de l'Ardusson;2018;34,40
241100593;CA Le Grand Narbonne;2018;38,50
241200187;CA Rodez Agglomération;2018;39,70
241200542;CC du Réquistanais;2018;27,20
241200567;CC de Millau Grands Causses;2018;39,00
241200625;CC du Pays Rignacois;2018;46,80
241200641;CC Conques-Marcillac;2018;41,00
241200658;CC du Pays de Salars;2018;41,70
241200674;CC du Plateau de Montbazens;2018;31,80
241200765;CC de Lévézou Pareloup;2018;45,20
241200807;CC Aveyron Bas Ségala Viaur;2018;43,30
241200906;CC Larzac et Vallées;2018;36,30
241200914;CC de la Muse et des Raspes du Tarn;2018;44,10
241300375;CC Vallée des Baux-Alpilles (CC VBA);2018;44,90
241300417;CA d'Arles-Crau-Camargue-Montagnette;2018;39,60
241400415;CC Cœur Côte Fleurie;2018;38,00
241400514;CC du Pays de Falaise;2018;43,70
241400555;CC de Bayeux Intercom;2018;33,80
241400860;CC Cœur de Nacre;2018;41,00
241400878;CC Terre d'Auge;2018;39,10
241500230;CA du Bassin d'Aurillac;2018;44,70
241500255;CC du Pays Gentiane;2018;42,00
241500271;CC du Pays de Mauriac;2018;41,70
241501055;CC Sumène - Artense;2018;34,40
241501089;CC Cère et Goul en Carladès;2018;39,20
241501139;CC du Pays de Salers;2018;45,20
241600303;CC du Rouillacais;2018;37,70
241700434;CA de la Rochelle;2018;37,90
241700459;CC de l'Île de Ré;2018;43,00
241700517;CC Cœur de Saintonge;2018;39,00
241700624;CC de l'Île d'Oléron;2018;38,30
241700632;CC de Gémozac et de la Saintonge Viticole;2018;40,20
241700640;CA Royan Atlantique;2018;40,80
241700699;CC du Bassin de Marennes;2018;42,30
241800374;CC La Septaine;2018;45,60
241800424;CC Le Dunois;2018;39,00
241800432;CC Les Trois Provinces;2018;30,50
241800457;CC Fercher Pays Florentais;2018;44,50
241800507;CA Bourges Plus;2018;40,40
241900133;CC de Ventadour - Egletons - Monédières;2018;41,60
241927201;CA Tulle Agglo;2018;44,00
241927243;CC du Pays d'Uzerche;2018;45,00
242000354;CA de Bastia;2018;38,60
242000495;CC de l'Alta Rocca;2018;41,00
242000503;CC Celavu-Prunelli;2018;39,00
242010056;CA du Pays Ajaccien;2018;38,60
242010130;CC du Sartenais Valinco Taravo;2018;46,80
242020071;CC du Centre Corse;2018;41,30
242020105;CC de Calvi Balagne;2018;41,30
242100154;CC des Vallées de la Tille et de l'Ignon;2018;42,70
242100410;Dijon Métropole;2018;40,40
242101434;CC du Pays Châtillonnais;2018;36,20
242101442;CC de Saulieu;2018;46,70
242101459;CC du Pays d'Alésia et de la Seine;2018;33,80
242101491;CC du Montbardois;2018;38,90
242101509;CC Rives de Saône;2018;36,00
242200715;CC du Kreiz-Breizh (CCKB);2018;38,50
242300135;CC du Pays Sostranien;2018;45,30
242320000;CC de Bénévent Grand Bourg;2018;41,70
242320109;CC du Pays Dunois;2018;45,80
242400752;CC Périgord-Limousin;2018;46,20
242400935;CC du Pays de Saint-Aulaye;2018;38,50
242401024;CC Isle-Loue-Auvézère en Périgord;2018;44,00
242500320;CC de Montbenoît;2018;35,80
242500338;CC du Grand Pontarlier;2018;42,50
242500361;CU Grand Besançon Métropole;2018;40,90
242504116;CC du Val de Morteau;2018;42,20
242504181;CC des Portes du Haut-Doubs;2018;42,20
242504355;CC du Plateau de Russey;2018;46,50
242504371;CC du Pays de Sancey-Belleherbe;2018;44,40
242504447;CC du Doubs Baumois;2018;45,70
242504488;CC Altitude 800;2018;45,00
242504496;CC du Plateau de Frasne et du Val de Drugeon (CFD);2018;45,60
242600252;CC du Val de Drôme en Biovallée;2018;38,20
242600492;CC Dieulefit-Bourdeaux;2018;36,10
242600534;CC du Diois;2018;37,10
242700276;CC du Pays de Conches;2018;44,40
242700607;CC du Pays du Neubourg;2018;42,20
242852465;CC du Bonnevalais;2018;45,50
242900074;CC du Pays d'Iroise;2018;37,40
242900314;Brest Métropole;2018;40,30
242900553;CC du Pays des Abers;2018;38,90
242900561;CC de Haute-Cornouaille;2018;35,40
242900629;CC Cap Sizun - Pointe du Raz;2018;32,20
242900645;CC Douarnenez Communauté;2018;39,70
242900660;CC du Pays Fouesnantais;2018;34,00
242900694;CA Quimperlé Communauté;2018;36,50
242900702;CC du Pays Bigouden Sud;2018;41,00
242900710;CC du Haut Pays Bigouden;2018;37,60
242900744;CC Poher communauté;2018;39,80
242900751;CC du Pays de Landivisiau;2018;38,70
242900769;CA Concarneau Cornouaille Agglomération;2018;36,60
242900793;CC Communauté Lesneven Côte des Légendes;2018;42,10
242900801;CC du Pays de Landerneau-Daoulas;2018;42,00
242900835;CA Morlaix Communauté;2018;38,10
243000270;CC du Pays Viganais;2018;43,60
243000296;CC du Pays de Sommières;2018;30,60
243000569;CC Rhony, Vistre, Vidourle;2018;34,90
243000585;CC Beaucaire Terre d'Argence;2018;37,30
243000593;CC de Petite Camargue;2018;37,00
243000643;CA de Nîmes Métropole;2018;38,20
243000650;CC Terre de Camargue;2018;36,40
243000684;CC du Pont du Gard;2018;40,20
243100518;Toulouse Métropole;2018;36,60
243100567;CC Lauragais Revel Sorezois;2018;35,80
243100633;CA du Sicoval;2018;36,80
243100732;CC des Coteaux du Girou;2018;36,00
243100773;CC de Val'Aïgo;2018;34,30
243100781;CC de la Save au Touch;2018;37,10
243100815;CC des Coteaux Bellevue;2018;35,00
243200391;CC de la Lomagne Gersoise;2018;42,60
243200409;CC du Bas Armagnac;2018;41,30
243200417;CC de la Tenarèze;2018;45,30
243200425;CC Cœur d'Astarac en Gascogne;2018;36,10
243200458;CC du Grand Armagnac;2018;47,00
243200508;CC Bastides et Vallons du Gers;2018;31,90
243200599;CC du Saves;2018;36,10
243200607;CC Artagnan de Fezensac;2018;46,20
243300316;Bordeaux Métropole;2018;38,30
243300563;CA Bassin d'Arcachon Sud-Pôle Atlantique (COBAS);2018;40,80
243300811;CC de l'Estuaire;2018;45,70
243301165;CC Jalle-Eau-Bourde;2018;40,00
243301181;CC Latitude Nord Gironde;2018;40,10
243301215;CC du Créonnais;2018;38,00
243301223;CC du Grand Cubzaguais;2018;37,70
243301249;CC du Secteur de Saint-Loubès;2018;36,50
243301264;CC de Montesquieu;2018;39,10
243301355;CC des Coteaux Bordelais;2018;34,00
243301371;CC du Pays Foyen;2018;40,40
243301389;CC Médullienne;2018;42,60
243301397;CC du Fronsadais;2018;38,80
243301405;CC du Val de l'Eyre;2018;45,10
243301439;CC des Portes de l'Entre-deux-Mers;2018;39,90
243301447;CC Médoc Estuaire;2018;36,30
243301454;CC Castillon/Pujols;2018;41,60
243301504;CA du Bassin d'Arcachon Nord;2018;42,40
243400017;Montpellier Méditerranée Métropole;2018;36,60
243400355;CC du Clermontais;2018;40,00
243400470;CA du Pays de l'Or;2018;34,70
243400488;CC La Domitienne;2018;39,20
243400520;CC du Pays de Lunel;2018;35,50
243400694;CC Vallée de l'Hérault;2018;38,40
243400736;CC des Cévennes Gangeoises et Suménoises;2018;40,00
243400769;CA de Béziers-Méditerranée;2018;37,90
243400819;CA Hérault-Méditerranée;2018;35,10
243500139;Rennes Métropole;2018;39,20
243500550;CC Montfort Communauté;2018;36,40
243500618;CC de Brocéliande;2018;40,90
243500634;CC Roche aux Fées Communauté;2018;33,70
243500659;CC Pays de Châteaugiron Communauté;2018;39,60
243500667;CC du Val d'Ille-Aubigné;2018;37,90
243500725;CC Côte d'Émeraude;2018;41,70
243500733;CC Bretagne Romantique;2018;34,20
243500741;CA Redon Agglomération;2018;39,30
243500774;CC Liffré-Cormier Communauté;2018;33,80
243500782;CA du Pays de Saint Malo Agglomération;2018;37,20
243600202;CC Chabris - Pays de Bazelle;2018;38,70
243600236;CC du Pays d'Issoudun;2018;38,70
243600293;CC de la Région de Levroux;2018;38,30
243600301;CC Val de l'Indre - Brenne;2018;37,70
243600319;CC Brenne - Val de Creuse;2018;42,30
243600327;CA Châteauroux Métropole;2018;40,30
243600343;CC Cœur de Brenne;2018;43,80
243600350;CC de la Châtre et Sainte-Sévère;2018;47,00
243700499;CC du Castelrenaudais;2018;41,10
243700754;Tours Métropole Val de Loire;2018;38,40
243700820;CC de Bléré Val de Cher;2018;43,50
243800604;CA Porte de l'Isère (C.A.P.I);2018;37,70
243800745;CC de l'Oisans;2018;42,20
243800935;CC Lyon Saint Exupéry en Dauphiné;2018;31,60
243800984;CA du Pays Voironnais;2018;41,00
243801024;CC du Massif du Vercors;2018;39,60
243801073;CC de Bièvre Est;2018;38,10
243801255;CC des Collines du Nord Dauphiné;2018;33,70
243900354;CC de la Station des Rousses-Haut Jura;2018;42,80
243900420;CC du Val d'Amour;2018;39,10
243900479;CC du Haut-Jura - ARCADE;2018;40,70
243900560;CC Jura Nord;2018;44,40
243900610;CC La Grandvallière;2018;40,20
243901089;CC de la Plaine Jurassienne;2018;41,90
244000543;CC de Mimizan;2018;41,80
244000659;CC du Seignanx;2018;39,90
244000675;CA du Grand Dax;2018;40,90
244000691;CC du Pays Morcenais;2018;44,20
244000766;CC du Pays Tarusate;2018;42,90
244000774;CC du Pays de Villeneuve en Armagnac Landais;2018;37,50
244000808;CA Mont-de-Marsan Agglomération;2018;40,60
244000824;CC du Pays Grenadois;2018;46,20
244000857;CC Côte Landes Nature;2018;44,10
244000865;CC Maremne Adour Côte Sud;2018;39,40
244000873;CC des Grands Lacs;2018;36,40
244000881;CC Coteaux et Vallées des Luys;2018;39,70
244100293;CC des Collines du Perche;2018;45,10
244100780;CC de la Sologne des Étangs;2018;41,20
244100798;CC du Grand Chambord;2018;40,40
244100806;CC de la Sologne des Rivières;2018;35,90
244200614;CC des Vals d'Aix et Isable;2018;46,50
244200622;CC des Monts du Pilat;2018;41,40
244200630;CC du Pays entre Loire et Rhône;2018;41,70
244200770;Saint-Etienne Métropole;2018;41,00
244200820;CC du Pays d'Urfé;2018;44,60
244200895;CC du Pilat Rhodanien;2018;40,50
244300307;CC du Pays de Montfaucon;2018;41,60
244301016;CC des Sucs;2018;39,10
244301099;CC Auzon Communauté;2018;36,40
244301107;CC du Haut-Lignon;2018;42,00
244301123;CC des Pays de Cayres et de Pradelles;2018;37,30
244301131;CC Loire et Semène;2018;38,40
244400404;Nantes Métropole;2018;40,30
244400438;CC de Grand Lieu;2018;38,10
244400453;CC de la Région de Blain;2018;38,40
244400503;CC d'Erdre et Gesvres;2018;36,90
244400537;CC de Nozay;2018;34,20
244400552;CC du Pays d'Ancenis;2018;36,80
244400586;CC du Sud-Estuaire;2018;37,70
244400610;CA de la Presqu'île de Guérande Atlantique (Cap Atlantique);2018;43,80
244400644;CA de la Région Nazairienne et de l'Estuaire (CARENE);2018;41,40
244500203;CA Montargoise et Rives du Loing (A.M.E.);2018;41,60
244500211;CC Giennoises;2018;38,40
244500419;CC des Quatre Vallées;2018;44,40
244500427;CC des Loges;2018;42,10
244500468;Orléans Métropole;2018;40,00
244500484;CC de la Forêt;2018;35,60
244500542;CC de la Plaine du Nord Loiret;2018;43,60
244600433;CC de la Vallée du Lot et du Vignoble;2018;39,90
244600482;CC Quercy - Bouriane;2018;42,30
244600532;CC du Pays de Lalbenque-Limogne;2018;40,80
244600573;CC du Causse de Labastide-Murat;2018;35,00
244700449;CC du Pays de Duras;2018;43,70
244700464;CC du Pays de Lauzun;2018;34,50
244701355;CC des Coteaux et Landes de Gascogne;2018;42,80
244701405;CC Lot et Tolzac;2018;38,20
244800405;CC Cœur de Lozère;2018;43,30
244800470;CC du Gévaudan;2018;42,30
244900015;CU Angers Loire Métropole;2018;38,50
244900809;CC Anjou Bleu Communauté;2018;45,50
244900882;CC Baugeois Vallée;2018;43,60
245100615;CC de la Grande Vallée de la Marne;2018;46,00
245100888;CC de la Brie Champenoise;2018;37,10
245100979;CC du Sud Marnais;2018;49,10
245200597;CC des Trois Forêts;2018;42,80
245300223;CC du Pays de Meslay-Grez;2018;41,80
245300355;CC de l'Ernée;2018;43,50
245300389;CC du Bocage Mayennais;2018;46,00
245300447;CC du Pays de Château-Gontier;2018;39,40
245400171;CC Moselle et Madon;2018;42,90
245400189;CC des Pays du Sel et du Vermois;2018;40,50
245400262;CA de Longwy;2018;43,60
245400510;CC du Pays de Colombey et du Sud Toulois;2018;41,80
245400601;CC du Bassin de Pompey;2018;43,70
245400676;Métropole du Grand Nancy;2018;39,80
245400759;CC du Pays du Sanon;2018;49,50
245500327;CC du Sammiellois;2018;47,50
245501176;CC du Territoire de Fresnes-en-Woëvre;2018;38,70
245501184;CC du Pays de Revigny-sur-Ornain;2018;43,60
245501242;CC du Pays d'Étain;2018;42,50
245501259;CC du Pays de Montmédy;2018;41,20
245600440;CC de Blavet Bellevue Océan;2018;35,80
245600465;CC de Belle-Île-en-Mer;2018;27,00
245614383;CC Questembert Communauté;2018;41,90
245614417;CC Roi Morvan Communauté;2018;43,60
245614433;CC Pontivy Communauté;2018;40,70
245700133;CC du District Urbain de Faulquemont (DUF);2018;44,30
245700372;CA de Forbach Porte de France;2018;43,50
245700398;CC de Freyming-Merlebach;2018;41,10
245700695;CC de Cattenom et Environs;2018;46,20
245700950;CC du Pays de Phalsbourg;2018;42,60
245701164;CC du Warndt;2018;47,90
245701206;CC du Saulnois;2018;40,70
245701222;CA du Val de Fensch;2018;42,50
245701271;CC du Pays Orne Moselle;2018;42,20
245701354;CC de l'Arc Mosellan;2018;44,00
245701362;CA Portes de France-Thionville;2018;42,00
245701404;CC du Pays Haut Val d'Alzette;2018;45,70
245801063;CC Loire et Allier;2018;41,40
245804406;CA de Nevers;2018;41,90
245804497;CC du Nivernais Bourbonnais;2018;40,60
245900428;CU de Dunkerque;2018;40,00
245900758;CC Flandre Lys;2018;41,60
245901038;CC du Pays Solesmois;2018;37,10
245901152;CC Cœur d'Ostrevent;2018;37,50
245901160;CA Valenciennes Métropole;2018;40,80
246000129;CC du Liancourtois;2018;39,30
246000376;CC du Clermontois;2018;42,50
246000566;CC du Plateau Picard;2018;42,90
246000582;CC des Sablons;2018;40,40
246000707;CC du Vexin-Thelle;2018;43,40
246000749;CC des Lisières de l'Oise;2018;44,30
246000756;CC du Pays Noyonnais;2018;43,30
246000764;CC de l'Aire Cantilienne;2018;44,50
246000772;CC des Deux Vallées;2018;48,10
246000848;CC de la Picardie Verte;2018;45,90
246000855;CC du Pays des Sources;2018;46,90
246000871;CC du Pays de Valois;2018;40,40
246000897;CC de la Plaine d'Estrées;2018;43,20
246000913;CC du Pays de Bray;2018;44,40
246000921;CC des Pays d'Oise et d'Halatte;2018;38,80
246100390;CC du Val d'Orne;2018;36,70
246100663;CU d'Alençon;2018;42,00
246200299;CA d'Hénin-Carvin;2018;38,60
246200364;CA de Lens - Liévin;2018;37,60
246200380;CC de la Terre des Deux Caps;2018;38,90
246200729;CA du Boulonnais;2018;35,50
246200844;CC de la Région d'Audruicq;2018;40,80
246201016;CC du Pays de Lumbres;2018;35,70
246300701;Clermont Auvergne Métropole;2018;40,70
246300966;CC du Massif du Sancy;2018;45,90
246301097;CC Entre Dore et Allier;2018;44,20
246400337;CC de la Vallée d'Ossau;2018;37,00
246401756;CC Pays de Nay;2018;37,30
246500482;CC de la Haute-Bigorre;2018;42,00
246500573;CC Aure-Louron;2018;37,80
246600282;CC Sud-Roussillon;2018;40,00
246600373;CC du Vallespir;2018;38,50
246600399;CC Pyrénées Cerdagne;2018;44,10
246600415;CC Roussillon-Conflent;2018;40,50
246600423;CC Agly Fenouillèdes;2018;40,20
246600449;CC des Aspres;2018;41,00
246600464;CC Pyrénées catalanes;2018;43,50
246600548;CC du Haut Vallespir;2018;33,90
246700306;CC de la Vallée de la Bruche;2018;43,10
246700488;Eurométropole de Strasbourg;2018;39,70
246700744;CC des Portes de Rosheim;2018;43,50
246700777;CC de la Vallée de Villé;2018;41,10
246700843;CC de la Basse-Zorn;2018;42,90
246700926;CC du Pays de Wissembourg;2018;41,90
246700959;CC du Pays de la Zorn;2018;43,90
246700967;CC de Sélestat;2018;46,10
246701064;CC de la Région de Molsheim-Mutzig;2018;40,20
246701080;CC du Pays de Sainte-Odile;2018;42,80
246701098;CC du Pays de Niederbronn-les-Bains;2018;42,20
246800205;CC de la Vallée de Saint-Amarin;2018;41,20
246800395;CC du Val d'Argent;2018;43,50
246800445;CC du Centre du Haut-Rhin;2018;46,10
246800494;CC du Pays de Rouffach, Vignobles et Châteaux;2018;47,50
246800551;CC de la Vallée de Kaysersberg;2018;41,60
246800569;CC de la Région de Guebwiller;2018;43,00
246800577;CC du Pays de Ribeauvillé;2018;44,30
246800585;CC de la Vallée de Munster;2018;41,30
246800676;CC de la Vallée de la Doller et du Soultzbach;2018;43,90
246800726;CA Colmar Agglomération;2018;45,80
246900575;CC de l'Est Lyonnais (CCEL);2018;36,90
246900625;CC du Pays de l'Arbresle (CCPA);2018;40,10
246900724;CC des Vallons du Lyonnais (CCVL);2018;39,40
246900740;CC du Pays Mornantais (COPAMO);2018;37,70
246900757;CC de la Vallée du Garon (CCVG);2018;41,40
246900765;CC du Pays de l'Ozon;2018;36,70
247000011;CA de Vesoul;2018;42,60
247000367;CC des Combes;2018;44,30
247000623;CC des Quatre Rivières;2018;48,80
247000664;CC du Pays de Lure;2018;45,00
247000698;CC des Monts de Gy;2018;36,70
247000706;CC du Pays Riolais;2018;44,30
247000714;CC du Pays de Villersexel;2018;47,10
247000722;CC du Pays d'Héricourt;2018;42,70
247000755;CC du Pays de Luxeuil;2018;40,60
247000821;CC Rahin et Chérimont;2018;42,90
247000854;CC des 1000 étangs;2018;43,40
247100290;CU Le Creusot Montceau-les-Mines;2018;41,30
247100589;CA Le Grand Chalon;2018;40,20
247100639;CC de Marcigny;2018;39,40
247100647;CC Bresse Nord Intercom;2018;42,60
247103765;CC Entre Saône et Grosne;2018;38,00
247103864;CC du Canton de Semur-en-Brionnais;2018;40,80
247104094;CC Sud Côte Chalonnaise;2018;48,20
247200090;CC de Sablé-sur-Sarthe;2018;39,50
247200132;CU Le Mans Métropole;2018;36,00
247200348;CC du Pays Fléchois;2018;38,40
247200421;CC du Sud Est du Pays Manceau;2018;37,50
247200447;CC Orée de Bercé - Belinois;2018;35,50
247200629;CC du Val de Sarthe;2018;36,40
247200686;CC du Pays de l'Huisne Sarthoise;2018;43,90
247300015;CC des Vallées d'Aigueblanche;2018;38,90
247300254;CC de Haute-Tarentaise;2018;49,00
247300262;CC de Yenne;2018;39,70
247300361;CC du Canton de la Chambre;2018;41,90
247300452;CC Maurienne Galibier;2018;42,80
247300528;CC Val Guiers;2018;45,60
247300668;CC du Lac d'Aiguebelette (CCLA);2018;44,30
247300676;CC Porte de Maurienne;2018;42,70
247300817;CC Les Versants d'Aime;2018;50,00
247400047;CC de la Vallée Verte;2018;40,60
247400112;CC du Pays de Cruseilles;2018;40,00
247400567;CC Fier et Usses;2018;40,00
247400583;CC Arve et Salève;2018;37,20
247400617;CC des Vallées de Thônes;2018;42,30
247400666;CC des Quatre Rivières;2018;42,10
247400682;CC du Haut-Chablais;2018;42,30
247400690;CC du Genevois;2018;37,90
247400724;CC du Pays Rochois;2018;40,90
247400740;CC Rumilly Terre de Savoie;2018;43,40
247400773;CC des Sources du Lac d'Annecy;2018;43,20
247600505;CC Campagne-de-Caux;2018;47,40
247600588;CC des Villes Sœurs;2018;45,00
247600604;CC de Londinières;2018;40,10
247600620;CC Yvetot Normandie;2018;34,80
247600646;CC Caux - Austreberthe;2018;42,70
247600729;CC Falaises du Talou;2018;37,40
247600786;CA de la Région Dieppoise;2018;39,00
247700032;CC Moret Seine et Loing;2018;42,30
247700057;CA Melun Val de Seine;2018;41,50
247700065;CC du Pays de l'Ourcq;2018;36,50
247700107;CC Pays de Montereau;2018;38,50
247700339;CA Val d'Europe Agglomération;2018;39,90
247700594;CA Marne et Gondoire;2018;38,70
247700644;CC l'Orée de la Brie;2018;40,40
247700701;CC Brie Nangissienne;2018;40,40
247800550;CC du Pays Houdanais (C.C.P.H.);2018;42,20
247800584;CA Versailles Grand Parc (C.A.V.G.P.);2018;39,10
247800618;CC Cœur d'Yvelines;2018;38,30
247900798;CC du Thouarsais;2018;44,80
248000499;CC du Val de Somme;2018;42,20
248000531;CA Amiens Métropole;2018;38,50
248000747;CC du Pays du Coquelicot;2018;42,70
248100158;CC du Sor et de l'Agout;2018;38,60
248100430;CA de Castres Mazamet;2018;40,30
248100497;CC Val 81;2018;38,90
248100737;CA de l'Albigeois (C2A);2018;40,90
248100745;CC Thoré Montagne Noire;2018;35,30
248200016;CC des Deux Rives;2018;42,70
248200057;CC du Quercy Caussadais;2018;42,70
248200065;CC de la Lomagne Tarn-et-Garonnaise;2018;41,90
248200099;CA Grand Montauban;2018;41,70
248200107;CC du Quercy Rouergue et des Gorges de l'Aveyron;2018;47,40
248300394;CA Sud Sainte-Baume;2018;38,10
248300410;CC de la Vallée du Gapeau;2018;36,80
248300493;CA Dracénie Provence Verdon Agglomération;2018;40,10
248300543;Métropole Toulon-Provence-Méditerranée;2018;35,90
248300550;CC Cœur du Var;2018;34,80
248400053;CA Ventoux-Comtat-Venaissin (COVE);2018;38,90
248400160;CC Aygues-Ouvèze en Provence (CCAOP);2018;36,30
248400236;CC du Pays Réuni d'Orange;2018;37,20
248400251;CA du Grand Avignon (COGA);2018;38,40
248400285;CC Territoriale Sud-Luberon;2018;39,40
248400293;CC des Sorgues du Comtat;2018;41,40
248400319;CC du Pays des Sorgues et des Monts de Vaucluse;2018;37,00
248400335;CC Vaison Ventoux;2018;37,60
248500191;CC de l'Île de Noirmoutier;2018;38,10
248500258;CC Océan Marais de Monts;2018;39,50
248500340;CC Pays de Chantonnay;2018;32,60
248500415;CC du Pays de la Châtaigneraie;2018;39,90
248500464;CC du Pays de Pouzauges;2018;35,10
248500530;CC du Pays des Achards;2018;40,50
248500563;CC Vendée, Sèvre, Autise;2018;42,90
248500589;CA La Roche-sur-Yon Agglomération;2018;34,90
248500621;CC du Pays des Herbiers;2018;30,20
248500662;CC du Pays de Mortagne;2018;38,10
248600413;CA Grand Châtellerault;2018;40,40
248600447;CC du Pays Loudunais;2018;42,30
248700189;CC du Pays de Saint-Yrieix;2018;42,90
248719262;CC Gartempe - Saint-Pardoux;2018;48,10
248719288;CC du Val de Vienne;2018;45,80
248719312;CU Limoges Métropole;2018;42,30
248719338;CC Briance-Combade;2018;45,40
248719353;CC des Portes de Vassivière;2018;47,30
248719361;CC de Noblat;2018;46,70
248900334;CA du Grand Sénonais;2018;37,00
248900383;CC de l'Agglomération Migennoise;2018;43,80
248900524;CC de l'Aillantais;2018;38,10
248900664;CC de la Vanne et du Pays d'Othe;2018;42,30
248900748;CC du Gâtinais en Bourgogne;2018;40,90
248900896;CC Yonne Nord;2018;41,10
248900938;CC du Jovinien;2018;40,00
249000241;CC du Sud Territoire;2018;42,40
249100074;CC du Pays de Limours (CCPL);2018;42,20
249100157;CC des Deux Vallées;2018;42,00
249100546;CC du Val d'Essonne (CCVE);2018;40,90
249100553;CC Entre Juine et Renarde (CCEJR);2018;42,90
249100595;CC Le Dourdannais en Hurepoix (CCDH);2018;38,80
249500109;CA de Cergy-Pontoise;2018;41,30
249500430;CC Sausseron Impressionnistes;2018;43,10
249500455;CC de la Vallée de l'Oise et des Trois Forêts;2018;37,70
249500489;CC du Haut Val d'Oise;2018;38,90
249500513;CC du Vexin-Val de Seine;2018;41,90
249710047;CC de Marie-Galante;2018;34,00
249710062;CA du Nord Basse-Terre;2018;37,50
249710070;CA Grand Sud Caraïbe;2018;36,50
249720053;CA de l'Espace Sud de la Martinique;2018;37,50
249720061;CA du Centre de la Martinique;2018;37,20
249730037;CC de l'Ouest Guyanais;2018;39,90
249730045;CA du Centre Littoral;2018;37,90
249730052;CC de l'Est Guyanais;2018;24,60
249740077;CA CIVIS (Communauté Intercommunale des VIlles Solidaires);2018;39,00
249740085;CA du Sud;2018;38,30
249740093;CA Intercommunale de la Réunion Est (CIREST);2018;40,40
249740101;CA Territoire de la Côte Ouest (TCO);2018;42,10
249740119;CA Intercommunale du Nord de la Réunion (CINOR);2018;41,00
;;;